 [
  
  {
  "title": "Theme Options",
  "items": [{
            "type": "select",
            "label": "List font size",
            "key": "AppFontSize",
            "notification": "AppFontSize",
            "defaultValue": 0,
            "set": {
            "type": "integer",
            "values": [
                       {"title":"Small","value":-1},
                       {"title":"Medium","value":0},
                       {"title":"Large","value":1},
                       {"title":"Larger","value":2},
                       ]
                }
            },
            
            {
            "type":"boolean",
            "label":"Dim archived articles",
            "key":"AppDimArchivedItems",
            "notification":"AppDimArchivedItems",
            "defaultValue":1,
            }
    ]
  },

  {
  "title": "Display Counts",
  "items":[
           {
           "type":"boolean",
           "label":"Starred list",
           "key":"StarredViewCounts",
           "defaultValue":1,
           },
           {
           "type":"boolean",
           "label":"Unread list",
           "key":"UnreadViewCounts",
           "defaultValue":1,
           },
           {
           "type":"boolean",
           "label":"All items list",
           "key":"ArchiveViewCounts",
           "defaultValue":1,
           }
           ]
  },
  
  {
  "title": "Display Favicons",
  "items":[
           {
           "type":"boolean",
           "label":"Subscriptions list",
           "key":"DisplayIconsInSubscriptionsList",
           "notification":"DisplayIconsInSubscriptionsList",
           "defaultValue":1,
           },
           {
           "type":"boolean",
           "label":"Article list",
           "key":"DisplayIconsInItemsList",
           "notification":"DisplayIconsInItemsList",
           "defaultValue":1,
           }
           ]
  }

  

  

  ]