[
 

 {
 "title": "App Icon",
 "items":[
          {
          "type": "select",
          "label": "Unread count",
          "notification":"AppIconUnreadCount",
          "key": "AppIconUnreadCount",
          "defaultValue": 0,
          "set": {
          "type": "integer",
          "values": [
                     {"title":"Icon","value":0},
                     {"title":"Badge","value":1},
                     {"title":"Don't display","value":2}
                     ]
          }
          }
          ]
 }
 
 
 
 ]