[
 
 {
 "title": "\"Mark All as Read\" Button",
 "items": [
           
           {
           "type":"boolean",
           "label":"Ask before marking all as read",
           "key":"ConfirmMarkAllAsRead",
           "defaultValue":1,
           }
           ]
 },
 
 
 {
 "title": "Minimized Layout Mode",
 "items": [
           
           {
           "type":"boolean",
           "label":"Try to load mobile versions of web sites",
           "key":"MinimizedLayoutLoadsMobilePage",
           "notification":"MinimizedLayoutLoadsMobilePage",
           "defaultValue":1,
           }
           ]
 },
 
 
 {
 "title": "Article Viewer",
 "items": [
           
           {
           "type":"boolean",
           "label":"Prev/next article animation",
           "key":"ArticleAnimation",
           "defaultValue":1,
           },
           
           {
               "type": "select",
               "label": "Open links",
               "key": "ArticleLinkAction",
               "defaultValue": 0,
               "set": {
               "type": "integer",
               "values": [
                      {"title":"In-app browser","value":0},
                      {"title":"Default browser","value":1},
                      ]
                }
           }
           
           ]
 },


 {
 "title": "Web Browser",
 "items": [
           
           {
           "type":"boolean",
           "label":"Open links in background",
           "key":"OpenLinksInBackground",
           "defaultValue":0,
           }
           ]
 }

 
 
 ]