[
 {
 "items": [
           {
           "type":"text",
           "label":"Description",
           "notification":"UserDisplayTitleDidChange",
           "key":"DisplayTitle"
           }
           ]
 },

	{
		"title": "Syncing",
		"footer": "If 'Refresh on Server' is enabled, Reeder will trigger a refresh on your Fever installation before syncing.",
		"items": [
                  {
                  "type": "select",
                  "label": "Sync",
                  "key": "SyncOnStart",
                  "defaultValue": 1,
                  "set": {
                  "type": "integer",
                  "values": [
                             {"title":"Manually","value":0},
                             {"title":"On start","value":1},
                             {"title":"Every 5 minutes","value":5},
                             {"title":"Every 15 minutes","value":15},
                             {"title":"Every 30 minutes","value":30},
                             {"title":"Every hour","value":60}
                             ]
                  }
                  },
                  
                  {
                  "type": "boolean",
                  "label": "Sync on wake up from sleep",
                  "key": "SyncOnWakeUp",
                  "defaultValue": 0
                  },

                  
			{
				"type": "boolean",
				"label": "Refresh on server",
				"key": "RefreshOnServer",
				"defaultValue": 1
			},
                  {
                  "type": "boolean",
                  "label": "Sync hot links",
                  "key": "SyncHotLinks",
                  "notification":"SyncHotLinks",
                  "defaultValue": 1
                  },
                  
                  {
                  "type": "select",
                  "label": "Keep read items",
                  "key": "KeepReadItems",
                  "defaultValue": 3,
                  "set": {
                  "type": "integer",
                  "values": [
                             {"title":"Always","value":-1},
                             {"title":"Never","value":0},
                             {"title":"1 day","value":1},
                             {"title":"2 days","value":2},
                             {"title":"3 days","value":3},
                             {"title":"1 week","value":7},
                             {"title":"2 weeks","value":14},
                             {"title":"1 month","value":30},
                             ]
                  }
                  }
		]
	},


 
 {
 "title": "Reading",
 "items": [
           
           {
           "type": "select",
           "label": "Mark article as read",
           "key": "ReadManually",
           "defaultValue": 0,
           "set": {
           "type": "integer",
           "values": [
                      {"title":"Manually","value":1},
                      {"title":"On open","value":0}
                      ]
           }
           
           },
           {
           "type": "select",
           "label": "Sort subscriptions",
           "notification":"SortSubscriptions",
           "key": "SortSubscriptions",
           "defaultValue": 0,
           "set": {
           "type": "integer",
           "values": [
                      {"title":"Alphabetically","value":0},
                      {"title":"Folders first","value":1},
                      {"title":"Feeds first","value":2},
                      {"title":"Unread count","value":3}
                      ]
           }
           }
           ]
 },
 
 
 {
 "title": "Image Caching",
 "items": [
           {
           "type": "boolean",
           "label": "Unread items",
           "key": "CacheUnread",
           "defaultValue": 0
           },
           {
           "type": "boolean",
           "label": "Starred items",
           "key": "CacheStarred",
           "defaultValue": 0
           }
           ]
 },

 
 {
 "title": "App Icon",
 "items": [
           {
           "type": "boolean",
           "notification":"UnreadCountBadge",
           "label": "Unread count badge",
           "key": "IconUnreadCountBadge",
           "defaultValue": 1
           }
           ]
 }


]