[
 {
    "items": [
     {
        "type":"text",
        "label":"Description",
        "notification":"UserDisplayTitleDidChange",
        "key":"DisplayTitle"
     }
    ]
 },
	{
		"title": "Syncing",
		"items": [
			{
				"type": "boolean",
				"label": "Sync on Start",
				"key": "SyncOnStart",
				"defaultValue": 1
			},
			{
				"type": "select",
				"label": "Unread Items",
				"key": "SyncUnreadItems",
				"defaultValue": 30,
				"set": {
					"type": "integer",
					"values": [
						{"title":"1 day","value":1},
						{"title":"2 days","value":2},
						{"title":"3 days","value":3},
						{"title":"1 week","value":7},
						{"title":"2 weeks","value":14},
						{"title":"1 month","value":30}
					]
				}
			},
			{
				"type": "select",
				"label": "Starred Items",
				"key": "SyncStarredItems",
				"defaultValue": -1,
				"set": {
					"type": "integer",
					"values": [
						{"title":"All","value":-1},
						{"title":"None","value":0},
						{"title":"3 days","value":3},
						{"title":"1 week","value":7},
						{"title":"2 weeks","value":14},
						{"title":"1 month","value":30},
						{"title":"3 months","value":90},
						{"title":"6 months","value":180},
						{"title":"1 year","value":365}
					]
				}
			}
          ]},
        {
        "title":"Archive",
          "items": [
              {
              "type": "select",
              "label": "Keep Read Items",
              "key": "KeepReadItems",
              "defaultValue": 3,
              "set": {
                  "type": "integer",
                  "values": [
                             {"title":"Always","value":-1},
                             {"title":"Never","value":0},
                             {"title":"1 day","value":1},
                             {"title":"2 days","value":2},
                             {"title":"3 days","value":3},
                             {"title":"1 week","value":7},
                             {"title":"2 weeks","value":14},
                             {"title":"1 month","value":30},
                    ]
                  }
              },
              {
                        "type":"boolean",
                        "label":"Download Read Items",
                        "key":"DownloadReadItems",
                        "defaultValue":0
              }

		]
	},
     {
     "title": "Reading",
     "items": [
               {
               "type": "select",
               "label": "Mark Article as Read",
               "key": "ReadManually",
               "defaultValue": 0,
               "set": {
               "type": "integer",
               "values": [
                          {"title":"Manually","value":1},
                          {"title":"On Open","value":0}
                          ]
               }
               
               }
            ]
     },
 
 
 {
 "title": "Image Caching",
 "items": [
           {
           "type": "boolean",
           "label": "Unread Items",
           "key": "CacheUnread",
           "defaultValue": 1
           },
           {
           "type": "boolean",
           "label": "Starred Items",
           "key": "CacheStarred",
           "defaultValue": 1
           }
           ]
 },
 {
 "footer": "If enabled, Reeder will only cache images when on WiFi. Image caching over carrier data network is not recommended if you are on a limited data plan.",
 "items": [
           {
           "type": "boolean",
           "label": "WiFi Only",
           "key": "CacheWiFiOnly",
           "defaultValue": 1
           }
           ]
 },

 
 
     {
         "title": "App Icon",
         "items": [
                   {
                   "type": "boolean",
                   "notification":"UnreadCountBadge",
                   "label": "Unread Count Badge",
                   "key": "IconUnreadCountBadge",
                   "defaultValue": 0
                   }
                   ]
     },
 
 
 {
 "title": "Advanced Sync Settings",
 "items": [
           {
           "type": "select",
           "label": "Sync Max.",
           "footer": "Reeder by default syncs max. 5000 unread items and max. 5000 starred items. Please note that setting this limit too high might decrease performance.",
           "key": "SyncMaxItems",
           "defaultValue": 5000,
           "set": {
           "type": "integer",
           "values": [
                      {"title":"1000 items","value":1000},
                      {"title":"2500 items","value":2500},
                      {"title":"5000 items","value":5000},
                      {"title":"10000 items","value":10000},
                      {"title":"15000 items","value":15000},
                      {"title":"20000 items","value":20000}
                      ]
           }
           }
           
           
           ]}



]