[
 {
 "items": [
           {
           "type": "boolean",
           "label": "Enabled",
           "key": "enabled",
           "notification": "ServiceEnabled",
           "defaultValue": 1
           },
           {
           "type": "boolean",
           "label": "Show in toolbar",
           "key": "show-in-toolbar",
           "notification": "ServiceShowInToolbar",
           "defaultValue": 0
           }
           ]
 },
 {
 "title": "Defaults",
 "items": [
           {
           "type": "boolean",
           "label": "Private",
           "key": "private",
           "defaultValue": 0
           },
           {
           "type": "boolean",
           "label": "Read later",
           "key": "unread",
           "defaultValue": 0
           }
           ]
 },
 {
 "title": "Form",
 "items": [
           {
           "type": "boolean",
           "label": "Skip form / send immediately",
           "key": "headless",
           "defaultValue": 0
           }
           ]
 }

 ]
