 [
  {
  "items": [
            {
            "type": "boolean",
            "label": "Enabled",
            "key": "enabled",
            "notification": "ServiceEnabled",
            "defaultValue": 1
			},
            {
            "type": "boolean",
            "label": "Show in toolbar",
            "key": "show-in-toolbar",
            "notification": "ServiceShowInToolbar",
            "defaultValue": 0
			}
            ]
  },
  {
  "title": "Settings",
  "items": [
            {
            "type": "boolean",
            "label": "Shorten links",
            "key": "shorten",
            "defaultValue": 1
            }
            ]
  }
  
  ]
