 [
  {
  "items": [
            {
            "type": "boolean",
            "label": "Enabled",
            "key": "enabled",
            "notification": "ServiceEnabled",
            "defaultValue": 1
			},
            {
            "type": "boolean",
            "label": "Show in toolbar",
            "key": "show-in-toolbar",
            "notification": "ServiceShowInToolbar",
            "defaultValue": 0
			}
            ]
  },
  {
    "title": "Settings",
    "items": [
              {
              "type": "text",
              "label": "Default recipient",
              "key": "to",
              "placeholder":"None"
              }
    ]
  }
  
]
